warehouse_id,product_id,product_name,quantity,last_restock_date
WH-04,PROD-303,Sensor Beta,3795,2024-10-29
WH-05,PROD-765,,3115,2024-07-02
WH-04,PROD-325,Filter  E,3752,2024-04-25
WH-05,PROD-825,Harness C,413,2024-06-22
WH-04,PROD-974,valve-t,1510,2024-08-02
WH-04,PROD-847,gadget-x,909,2024-03-25
WH-05,PROD-681,sensor-beta,846,2024-03-18
WH-03,PROD-900,sensor-beta,4149,2024-11-07
WH-05,PROD-629,sensor-alpha,4217,2024-01-26
WH-03,PROD-235,BRACKET S,863,2024-10-10
WH-05,PROD-251,Gadget  Y,1967,2024-06-08
WH-05,PROD-304,MODULE P,2954,2024-05-02
WH-02,PROD-888,RELAY V,4402,2024-11-10
WH-01,PROD-341,MODULE P,3178,2024-11-26
WH-04,PROD-803,Valve T,1452,2024-03-27
WH-01,PROD-339,VALVE T,2582,2024-05-17
WH-01,PROD-783,Module Q,2170,2024-11-29
WH-01,PROD-498,harness-c,4974,2024-09-11
WH-03,PROD-241,Gadget  X,3570,2024-05-16
WH-01,PROD-828,,3448,2024-01-26
WH-02,PROD-372,Bracket S,1488,2024-07-16
WH-01,PROD-416,MODULE Q,1749,2024-01-29
WH-01,PROD-537,bracket-r,663,2024-01-23
WH-01,PROD-688,Gadget X,3046,2024-01-01
WH-05,PROD-619,Sensor  Beta,3063,2024-08-12
WH-04,PROD-952,FILTER E,801,2024-01-18
WH-02,PROD-266,Connector  N,10,2024-01-28
WH-04,PROD-902,module-q,2949,2024-08-12
WH-01,PROD-787,bracket-r,1642,2024-11-06
WH-05,PROD-419,Harness  D,4152,2024-07-14
WH-04,PROD-558,Widget  B,1588,2024-10-28
WH-05,PROD-648,valve-u,3043,2024-06-19
WH-02,PROD-895,RELAY V,4268,2024-02-23
WH-01,PROD-101,SENSOR BETA,3662,2024-10-04
WH-01,PROD-206,Valve T,648,2024-03-31
WH-01,PROD-920,Harness D,552,2024-11-06
WH-04,PROD-882,filter-e,4906,2024-02-01
WH-02,PROD-902,Filter  E,2017,2024-06-25
WH-04,PROD-760,GADGET Y,4536,2024-04-23
WH-04,PROD-360,Connector  N,3584,2024-07-20
WH-04,PROD-698,Bracket  S,787,2024-11-08
WH-05,PROD-631,Relay  W,4125,2024-09-16
WH-05,PROD-378,Connector M,653,2024-08-14
WH-05,PROD-268,Gadget  X,288,2024-04-11
WH-03,PROD-491,Gadget  Y,816,2024-03-17
WH-05,PROD-723,Relay W,944,2024-03-15
WH-03,PROD-348,Widget  B,3923,2024-05-05
WH-05,PROD-917,Valve T,332,2024-04-13
WH-04,PROD-330,SENSOR BETA,1059,2024-04-26
WH-04,PROD-301,Module  P,24,2024-12-15
WH-02,PROD-111,Gadget  X,1253,2024-10-14
WH-03,PROD-728,Gadget  Y,4846,2024-05-17
WH-02,PROD-823,Gadget X,2997,2024-12-08
WH-01,PROD-173,VALVE U,635,2024-10-16
WH-04,PROD-197,Harness  C,4924,2024-12-17
WH-01,PROD-702,Gadget  Y,4230,2024-07-21
WH-03,PROD-194,Harness  D,4563,2024-05-23
WH-05,PROD-282,connector-m,2898,2024-07-26
WH-01,PROD-740,Harness  D,4300,2024-03-12
WH-04,PROD-977,bracket-r,4579,2024-06-05
WH-05,PROD-530,,1704,2024-06-29
WH-05,PROD-646,Harness C,4039,2024-10-31
WH-05,PROD-816,sensor-beta,3892,2024-01-10
WH-02,PROD-180,Valve U,2618,2024-02-26
WH-03,PROD-915,RELAY W,3716,2024-07-24
WH-04,PROD-613,Relay W,458,2024-07-06
WH-01,PROD-675,HARNESS C,2681,2024-12-23
WH-02,PROD-136,widget-a,1703,2024-01-26
WH-05,PROD-741,gadget-x,552,2024-07-07
WH-05,PROD-406,SENSOR BETA,4440,2024-09-14
WH-05,PROD-817,filter-f,84,2024-12-10
WH-03,PROD-959,Bracket  S,541,2024-12-01
WH-01,PROD-585,Valve  T,4139,2024-05-26
WH-02,PROD-125,gadget-y,143,2024-10-16
WH-03,PROD-454,module-p,4590,2024-12-09
WH-03,PROD-897,FILTER E,2087,2024-06-02
WH-01,PROD-143,bracket-r,2094,2024-11-08
WH-01,PROD-564,gadget-y,972,2024-03-13
WH-03,PROD-309,Relay W,988,2024-10-14
WH-03,PROD-972,connector-m,1075,2024-03-07
WH-01,PROD-759,bracket-r,4881,2024-03-04
WH-05,PROD-454,CONNECTOR N,1996,2024-07-10
WH-01,PROD-491,Gadget Y,3299,2024-02-23
WH-04,PROD-102,harness-c,4735,2024-03-13
WH-05,PROD-406,SENSOR BETA,4440,2024-09-14
WH-01,PROD-212,FILTER E,3771,2024-02-04
WH-04,PROD-905,Bracket  S,2526,2024-11-14
WH-01,PROD-940,valve-t,2766,2024-04-18
WH-02,PROD-508,Gadget  Y,2263,2024-02-16
WH-05,PROD-987,Widget B,3283,2024-08-24
WH-01,PROD-860,Module P,1280,2024-01-14
WH-04,PROD-420,Sensor  Alpha,2090,2024-03-07
WH-01,PROD-679,,608,2024-09-24
WH-03,PROD-445,harness-c,1241,2024-08-03
WH-05,PROD-902,Relay  W,4966,2024-09-27
WH-04,PROD-361,Sensor Beta,2695,2024-12-31
WH-03,PROD-489,relay-v,121,2024-06-03
WH-05,PROD-237,bracket-r,2308,2024-08-23
WH-02,PROD-430,valve-t,3041,2024-10-21
WH-01,PROD-588,WIDGET A,,2024-01-01
WH-04,PROD-561,Filter F,3592,2024-07-22
WH-03,PROD-830,connector-n,4512,2024-01-04
WH-02,PROD-950,Bracket  S,1,2024-12-29
WH-02,PROD-202,module-q,739,2024-05-25
WH-01,PROD-525,Connector N,607,2024-08-28
WH-05,PROD-599,sensor-beta,2328,2024-12-11
WH-02,PROD-871,Bracket  R,2152,2024-03-08
WH-05,PROD-635,Relay W,124,2024-07-07
WH-01,PROD-933,bracket-s,3599,2024-10-01
WH-02,PROD-947,BRACKET S,1747,2024-04-30
WH-05,PROD-384,Gadget Y,2853,2024-03-05
WH-05,PROD-435,Module Q,2788,2024-10-28
WH-02,PROD-685,WIDGET B,1577,2024-08-08
WH-01,PROD-939,harness-d,4384,2024-07-04
WH-03,PROD-781,Sensor  Alpha,1126,2024-06-24
WH-04,PROD-319,Connector M,3828,2024-01-27
WH-01,PROD-568,Sensor Alpha,3312,2024-04-03
WH-01,PROD-300,Relay V,4165,2024-01-22
WH-05,PROD-723,Relay W,944,2024-03-15
WH-01,PROD-173,VALVE U,635,2024-10-16
WH-03,PROD-887,Sensor Beta,1783,2024-07-22
WH-04,PROD-905,Bracket  S,2526,2024-11-14
WH-02,PROD-729,harness-d,2413,2024-10-01
WH-02,PROD-563,Relay  V,1082,2024-10-22
WH-04,PROD-608,,3669,2024-07-24
WH-02,PROD-372,widget-a,4380,2024-07-23
WH-01,PROD-948,bracket-s,3605,2024-08-21
WH-04,PROD-221,connector-n,1433,2024-03-18
WH-05,PROD-184,Valve  U,1724,2024-12-17
WH-05,PROD-279,VALVE T,2194,2024-03-08
WH-01,PROD-529,sensor-beta,1468,2024-01-05
WH-02,PROD-813,VALVE U,4823,2024-07-16
WH-05,PROD-888,,3190,2024-04-04
WH-02,PROD-210,Sensor  Alpha,1906,2024-04-19
WH-05,PROD-471,valve-u,3716,2024-02-09
WH-02,PROD-948,CONNECTOR N,91,2024-02-07
WH-01,PROD-702,Filter  E,,2024-07-16
WH-04,PROD-929,Sensor Beta,734,2024-11-02
WH-05,PROD-815,,945,2024-12-20
WH-05,PROD-276,Connector  M,4171,2024-05-21
WH-01,PROD-669,MODULE P,4187,2024-02-18
WH-05,PROD-769,gadget-y,2760,2024-11-11
WH-04,PROD-150,Valve T,4516,2024-08-23
WH-02,PROD-915,Widget  A,2798,2024-03-16
WH-05,PROD-726,Sensor Alpha,1609,2024-01-03
WH-04,PROD-229,sensor-beta,2306,2024-09-28
WH-04,PROD-905,Gadget X,2879,2024-10-14
WH-04,PROD-992,BRACKET R,488,2024-01-06
WH-02,PROD-654,Gadget X,4518,2024-03-15
WH-04,PROD-125,Widget A,4868,2024-12-01
WH-01,PROD-572,CONNECTOR M,3557,2024-01-02
WH-03,PROD-692,Bracket  R,1089,2024-09-02
WH-05,PROD-659,Widget B,3170,2024-08-12
WH-01,PROD-564,Sensor Beta,2263,2024-03-10
WH-01,PROD-887,Widget B,971,2024-09-20
WH-01,PROD-517,Widget B,3989,2024-10-18
WH-03,PROD-117,valve-t,4845,2024-04-09
WH-04,PROD-649,bracket-r,110,2024-12-04
WH-01,PROD-515,WIDGET A,4067,2024-10-15
WH-02,PROD-214,Sensor Alpha,1147,2024-04-09
WH-05,PROD-886,sensor-beta,582,2024-12-16
WH-05,PROD-832,Filter  F,3165,2024-03-03
WH-01,PROD-348,valve-u,3028,2024-05-12
WH-01,PROD-982,Valve  U,4840,2024-01-12
WH-04,PROD-491,Gadget  Y,4940,2024-10-11
WH-02,PROD-755,connector-n,3627,2024-04-26
WH-01,PROD-263,Bracket  S,1688,2024-10-16
WH-02,PROD-706,harness-d,3683,2024-03-24
WH-01,PROD-646,Widget A,1000,2024-09-10
WH-01,PROD-303,GADGET X,3916,2024-05-21
WH-02,PROD-232,relay-v,1384,2024-07-16
WH-03,PROD-656,filter-e,4523,2024-02-04
WH-05,PROD-847,Harness D,4822,2024-06-09
WH-03,PROD-368,relay-w,1021,2024-11-11
WH-03,PROD-289,HARNESS C,1940,2024-11-22
WH-05,PROD-290,,901,2024-08-25
WH-04,PROD-655,Gadget  X,3057,2024-01-04
WH-01,PROD-252,HARNESS D,112,2024-12-03
WH-03,PROD-541,Harness  D,4076,2024-07-29
WH-02,PROD-626,BRACKET S,1433,2024-06-07
WH-03,PROD-400,Connector N,3083,2024-07-11
WH-05,PROD-927,Harness C,4831,2024-06-01
WH-03,PROD-598,Gadget  Y,3744,2024-05-28
WH-05,PROD-381,Sensor  Beta,4446,2024-10-06
WH-01,PROD-574,Module  P,203,2024-12-21
WH-01,PROD-744,Widget  B,2536,2024-01-15
WH-04,PROD-537,GADGET Y,361,2024-09-10
WH-01,PROD-989,Connector M,887,2024-06-24
WH-01,PROD-808,Widget A,4277,2024-07-16
WH-01,PROD-818,Filter  F,2319,2024-11-08
WH-01,PROD-286,Relay  V,2400,2024-11-23
WH-04,PROD-339,Widget  B,3228,2024-03-19
WH-04,PROD-449,Valve U,1529,2024-05-07
WH-03,PROD-211,Module Q,3249,2024-11-19
WH-05,PROD-800,RELAY V,1726,2024-12-20
WH-04,PROD-217,Connector M,4964,2024-12-10
WH-03,PROD-916,sensor-beta,4649,2024-09-24
WH-03,PROD-999,sensor-alpha,2843,2024-12-01
WH-02,PROD-723,Widget  B,1881,2024-06-15
WH-03,PROD-471,connector-n,2289,2024-03-31
WH-01,PROD-759,BRACKET S,230,2024-04-28
WH-03,PROD-334,FILTER F,440,2024-01-05
WH-04,PROD-837,valve-t,2170,2024-11-09
WH-02,PROD-136,Module Q,851,2024-09-20
WH-05,PROD-891,SENSOR ALPHA,100,2024-04-14
WH-05,PROD-161,Harness  C,51,2024-10-01
WH-05,PROD-987,Widget B,3283,2024-08-24
WH-02,PROD-591,Module  P,1240,2024-09-26
WH-02,PROD-967,CONNECTOR M,3851,2024-03-31
WH-05,PROD-245,bracket-s,986,2024-02-10
WH-05,PROD-777,SENSOR BETA,4913,2024-11-23
WH-05,PROD-502,Valve  U,,2024-06-27
WH-03,PROD-597,,2317,2024-07-12
WH-03,PROD-132,Module P,3517,2024-05-10
WH-02,PROD-615,gadget-y,2657,2024-05-09
WH-02,PROD-545,Gadget  X,,2024-03-22
WH-02,PROD-536,,642,2024-06-02
WH-05,PROD-461,Connector N,4297,2024-03-04
WH-01,PROD-369,Filter  F,1808,2024-04-12
WH-01,PROD-265,,3388,2024-09-27
WH-02,PROD-494,,277,2024-06-26
WH-05,PROD-193,BRACKET R,,2024-11-18
WH-03,PROD-713,widget-b,504,2024-08-14
WH-05,PROD-146,bracket-r,2961,2024-07-17
WH-04,PROD-683,filter-f,,2024-11-04
WH-01,PROD-239,,2519,2024-12-04
WH-01,PROD-464,Valve U,2002,2024-01-03
WH-03,PROD-620,FILTER F,718,2024-06-23
WH-01,PROD-557,Gadget Y,4822,2024-09-05
WH-03,PROD-237,WIDGET A,1230,2024-11-01
WH-02,PROD-469,Gadget  X,2750,2024-09-18
WH-04,PROD-375,Valve  T,754,2024-02-07
WH-04,PROD-684,Bracket R,3692,2024-06-06
WH-02,PROD-717,connector-n,3912,2024-06-20
WH-01,PROD-632,Gadget  X,4233,2024-04-03
WH-02,PROD-461,relay-w,,2024-06-10
WH-04,PROD-970,RELAY W,1042,2024-12-22
WH-03,PROD-556,Bracket R,3640,2024-05-21
WH-01,PROD-419,Connector  N,1373,2024-07-21
WH-03,PROD-872,RELAY V,4609,2024-10-11
WH-02,PROD-536,Sensor Beta,,2024-09-08
WH-04,PROD-563,WIDGET A,4192,2024-06-08
WH-04,PROD-409,Bracket S,4953,2024-07-11
WH-02,PROD-190,Valve U,2421,2024-03-16
WH-05,PROD-823,harness-d,735,2024-09-09
WH-03,PROD-352,valve-u,2059,2024-09-02
WH-02,PROD-202,valve-u,4217,2024-10-23
WH-02,PROD-817,Sensor  Alpha,1379,2024-02-20
WH-04,PROD-660,,1515,2024-09-11
WH-01,PROD-512,WIDGET B,3399,2024-08-05
WH-05,PROD-748,Module  P,2784,2024-01-17
WH-05,PROD-101,sensor-alpha,2354,2024-07-05
WH-01,PROD-231,SENSOR ALPHA,4780,2024-09-11
WH-03,PROD-385,GADGET X,3992,2024-05-22
WH-03,PROD-382,,1855,2024-10-23
WH-01,PROD-745,Connector N,2126,2024-02-18
WH-04,PROD-964,VALVE T,3660,2024-04-03
WH-01,PROD-787,bracket-r,1642,2024-11-06
WH-05,PROD-622,Harness  D,2075,2024-05-04
WH-03,PROD-923,Harness  D,4653,2024-10-23
WH-02,PROD-150,RELAY W,3974,2024-09-02
WH-03,PROD-470,Relay W,2609,2024-05-08
WH-05,PROD-889,gadget-x,580,2024-01-19
WH-03,PROD-544,Filter E,872,2024-02-27
WH-04,PROD-777,WIDGET A,4164,2024-01-16
WH-04,PROD-237,Module  Q,2589,2024-11-09
WH-05,PROD-765,MODULE Q,1999,2024-11-24
WH-03,PROD-486,harness-d,4377,2024-10-17
WH-05,PROD-128,Relay  W,3063,2024-05-16
WH-02,PROD-180,module-p,1451,2024-06-24
WH-02,PROD-148,Bracket R,2358,2024-07-03
WH-02,PROD-280,Harness  C,220,2024-11-03
WH-01,PROD-489,connector-n,4616,2024-02-13
WH-01,PROD-368,Bracket  R,1326,2024-01-08
WH-04,PROD-241,Module  Q,4426,2024-01-25
WH-05,PROD-840,Filter  E,36,2024-12-17
WH-02,PROD-462,RELAY V,4266,2024-04-05
WH-04,PROD-138,GADGET Y,161,2024-12-01
WH-03,PROD-992,connector-n,4674,2024-02-17
WH-01,PROD-406,VALVE T,709,2024-12-28
WH-01,PROD-190,Connector M,3146,2024-07-20
WH-05,PROD-271,Relay  V,772,2024-07-14
WH-01,PROD-704,Bracket  S,2852,2024-07-09
WH-03,PROD-154,VALVE U,3764,2024-03-28
WH-01,PROD-163,harness-d,211,2024-05-12
WH-01,PROD-278,Sensor  Beta,3288,2024-12-04
WH-02,PROD-235,Widget A,3536,2024-12-25
WH-04,PROD-535,Filter F,181,2024-11-15
WH-03,PROD-820,Relay  V,3519,2024-11-01
WH-04,PROD-898,MODULE P,3298,2024-09-01
WH-05,PROD-904,Sensor Alpha,239,2024-05-14
WH-05,PROD-838,CONNECTOR N,2294,2024-01-03
WH-05,PROD-414,Bracket  S,1068,2024-04-18
WH-02,PROD-338,,1299,2024-03-04
WH-03,PROD-742,Connector N,1531,2024-12-04
WH-05,PROD-555,Connector M,939,2024-02-16
WH-03,PROD-257,Bracket R,2882,2024-10-14
WH-05,PROD-554,FILTER F,112,2024-05-19
WH-02,PROD-168,HARNESS D,3172,2024-07-19
WH-04,PROD-385,Widget A,508,2024-11-26
WH-05,PROD-441,harness-d,3092,2024-06-30
WH-05,PROD-336,Connector  N,4568,2024-09-10
WH-03,PROD-655,Gadget X,2457,2024-11-16
WH-05,PROD-977,RELAY V,4634,2024-04-05
WH-05,PROD-728,harness-c,337,2024-08-11
WH-04,PROD-144,WIDGET B,4824,2024-06-30
WH-01,PROD-741,MODULE Q,4828,2024-01-13
WH-05,PROD-815,valve-u,4766,2024-07-21
WH-05,PROD-560,Filter E,438,2024-12-28
WH-05,PROD-575,,4463,2024-07-21
WH-02,PROD-614,Harness  D,4199,2024-12-04
WH-05,PROD-250,Harness  C,918,2024-02-12
WH-05,PROD-271,Relay  V,772,2024-07-14
WH-02,PROD-562,Connector N,2917,2024-09-24
WH-02,PROD-987,Connector N,3772,2024-07-28
WH-01,PROD-146,Sensor  Alpha,4150,2024-11-09
WH-04,PROD-535,Sensor Alpha,217,2024-11-05
WH-05,PROD-982,Widget  B,2237,2024-10-06
WH-05,PROD-123,Relay  V,4872,2024-05-01
WH-01,PROD-690,SENSOR ALPHA,,2024-07-11
WH-02,PROD-416,Connector M,1527,2024-06-12
WH-01,PROD-127,widget-b,3380,2024-10-10
WH-05,PROD-164,Widget A,3272,2024-04-22
WH-05,PROD-507,Widget A,4680,2024-08-07
WH-02,PROD-168,relay-w,4486,2024-07-11
WH-01,PROD-603,Gadget Y,1022,2024-03-20
WH-01,PROD-765,VALVE U,259,2024-04-08
WH-04,PROD-777,WIDGET A,4164,2024-01-16
WH-01,PROD-797,Module  P,1127,2024-05-09
WH-03,PROD-193,Filter  F,689,2024-03-21
WH-05,PROD-263,Filter  F,3182,2024-11-06
WH-03,PROD-102,Sensor Beta,3217,2024-09-08
WH-02,PROD-307,SENSOR BETA,285,2024-12-19
WH-04,PROD-985,valve-u,3377,2024-06-25
WH-04,PROD-977,Bracket  S,2219,2024-07-20
WH-02,PROD-414,FILTER E,4760,2024-12-23
WH-01,PROD-470,Filter  E,2963,2024-01-31
WH-04,PROD-854,connector-n,4223,2024-12-08
WH-04,PROD-896,Module P,1980,2024-09-02
WH-04,PROD-461,Connector M,4794,2024-02-02
WH-04,PROD-516,VALVE T,1543,2024-04-09
WH-01,PROD-367,BRACKET R,1300,2024-12-16
WH-01,PROD-306,,3523,2024-10-19
WH-03,PROD-367,MODULE P,2146,2024-08-06
WH-04,PROD-799,Gadget  X,507,2024-04-26
WH-03,PROD-713,BRACKET R,458,2024-07-13
WH-02,PROD-346,Module  P,739,2024-03-10
WH-03,PROD-826,Module Q,,2024-05-11
WH-04,PROD-352,Relay V,442,2024-08-24
WH-02,PROD-131,FILTER E,,2024-09-19
WH-04,PROD-299,harness-d,2580,2024-06-07
WH-01,PROD-378,Gadget Y,3251,2024-12-16
WH-05,PROD-373,harness-c,1880,2024-06-18
WH-05,PROD-312,Harness  D,3451,2024-06-09
WH-04,PROD-873,Gadget  X,3967,2024-02-03
WH-01,PROD-289,Gadget Y,1885,2024-03-30
WH-02,PROD-459,Valve T,929,2024-02-06
WH-01,PROD-571,Harness  C,,2024-06-22
WH-05,PROD-583,Harness C,4335,2024-12-15
WH-04,PROD-365,Harness  C,2188,2024-12-14
WH-05,PROD-529,Sensor  Alpha,4492,2024-04-13
WH-02,PROD-527,Harness C,2749,2024-01-25
WH-05,PROD-926,Connector  N,895,2024-12-02
WH-03,PROD-981,Valve T,1304,2024-10-25
WH-03,PROD-556,Bracket R,3640,2024-05-21
WH-03,PROD-467,Sensor  Alpha,4504,2024-06-16
WH-05,PROD-495,RELAY W,519,2024-06-09
WH-04,PROD-947,Module P,1936,2024-01-04
WH-01,PROD-905,Filter E,3954,2024-05-21
WH-05,PROD-168,Relay V,2164,2024-03-25
WH-03,PROD-597,MODULE Q,372,2024-06-12
WH-03,PROD-213,Bracket R,1017,2024-11-10
WH-01,PROD-561,relay-w,4526,2024-02-24
WH-04,PROD-954,Module Q,4034,2024-02-21
WH-04,PROD-208,CONNECTOR N,3764,2024-10-02
WH-02,PROD-385,FILTER F,3869,2024-02-29
WH-01,PROD-828,,3448,2024-01-26
WH-05,PROD-755,Module  Q,,2024-08-21
WH-05,PROD-833,module-p,1785,2024-12-05
WH-02,PROD-223,Connector N,262,2024-08-16
WH-03,PROD-773,Module Q,787,2024-09-20
WH-04,PROD-300,relay-w,649,2024-03-29
WH-01,PROD-937,Harness D,2421,2024-04-06
WH-04,PROD-731,sensor-beta,54,2024-05-24
WH-05,PROD-585,Widget  B,2624,2024-08-30
WH-02,PROD-807,sensor-alpha,1252,2024-03-13
WH-02,PROD-988,widget-a,4548,2024-10-02
WH-04,PROD-644,CONNECTOR N,4327,2024-12-12
WH-02,PROD-653,Widget A,2731,2024-06-15
WH-02,PROD-111,Gadget  X,1253,2024-10-14
WH-05,PROD-667,Widget  B,2871,2024-11-21
WH-01,PROD-489,connector-n,4616,2024-02-13
WH-01,PROD-559,VALVE T,2749,2024-06-29
WH-05,PROD-478,gadget-x,4683,2024-09-19
WH-02,PROD-354,Bracket  R,1622,2024-11-14
WH-03,PROD-906,Valve U,1856,2024-06-16
WH-05,PROD-407,Module  P,1635,2024-07-24
WH-04,PROD-120,GADGET X,378,2024-08-11
WH-05,PROD-577,,2866,2024-01-05
WH-03,PROD-154,Sensor  Beta,4666,2024-03-10
WH-02,PROD-405,module-q,,2024-06-18
WH-03,PROD-767,BRACKET S,3828,2024-06-22
WH-01,PROD-931,Harness C,3001,2024-08-17
WH-02,PROD-749,Harness C,870,2024-11-07
WH-05,PROD-910,RELAY W,1355,2024-11-03
WH-05,PROD-560,Gadget  X,,2024-06-07
WH-04,PROD-849,widget-b,1244,2024-02-29
WH-04,PROD-628,Connector  N,350,2024-10-05
WH-01,PROD-897,connector-m,4808,2024-06-27
WH-02,PROD-281,HARNESS D,2605,2024-04-26
WH-01,PROD-341,MODULE P,3178,2024-11-26
WH-03,PROD-767,BRACKET S,3828,2024-06-22
WH-01,PROD-700,,193,2024-02-05
WH-04,PROD-652,widget-a,3551,2024-10-12
WH-04,PROD-574,harness-d,3213,2024-10-23
WH-01,PROD-130,Harness  D,3211,2024-03-21
WH-01,PROD-949,harness-c,1638,2024-07-14
WH-04,PROD-911,Connector  M,2156,2024-03-25
WH-03,PROD-481,Gadget Y,4124,2024-05-08
WH-01,PROD-779,HARNESS C,3272,2024-04-27
WH-04,PROD-585,gadget-x,1657,2024-06-08
WH-01,PROD-255,Widget B,3964,2024-12-15
WH-05,PROD-777,SENSOR BETA,4913,2024-11-23
WH-04,PROD-472,Filter F,251,2024-07-08
WH-02,PROD-909,GADGET Y,725,2024-10-24
WH-01,PROD-835,SENSOR BETA,1589,2024-01-22
WH-05,PROD-271,harness-d,1194,2024-03-03
WH-03,PROD-916,sensor-beta,4649,2024-09-24
WH-01,PROD-924,CONNECTOR M,2417,2024-12-26
WH-05,PROD-338,module-p,1428,2024-06-14
WH-04,PROD-586,Connector N,2897,2024-12-31
WH-04,PROD-574,sensor-alpha,4874,2024-10-08
WH-02,PROD-527,Harness C,2749,2024-01-25
WH-02,PROD-778,sensor-beta,1274,2024-01-31
WH-05,PROD-495,RELAY W,519,2024-06-09
WH-01,PROD-433,WIDGET A,4253,2024-12-03
WH-03,PROD-906,Module P,4647,2024-08-01
WH-01,PROD-366,Harness  D,2492,2024-09-30
WH-01,PROD-737,Sensor  Alpha,2834,2024-06-28
WH-05,PROD-529,Sensor  Alpha,4492,2024-04-13
WH-05,PROD-422,Module P,2043,2024-12-07
WH-04,PROD-609,Widget B,1590,2024-11-25
WH-01,PROD-500,Relay  V,1609,2024-12-16
WH-04,PROD-269,Bracket R,2952,2024-05-22
WH-05,PROD-696,FILTER F,4657,2024-02-28
WH-02,PROD-920,Connector M,1664,2024-03-01
WH-03,PROD-437,,4666,2024-08-07
WH-02,PROD-573,Widget B,581,2024-08-08
WH-01,PROD-437,BRACKET S,4820,2024-07-13
WH-03,PROD-193,Filter  F,689,2024-03-21
WH-01,PROD-184,Connector N,1108,2024-04-03
WH-02,PROD-428,,3039,2024-04-15
WH-05,PROD-405,module-q,4345,2024-10-24
WH-04,PROD-961,HARNESS D,3422,2024-07-20
WH-02,PROD-416,Connector M,1527,2024-06-12
WH-03,PROD-915,RELAY W,3716,2024-07-24
WH-01,PROD-403,Connector  M,3155,2024-11-04
WH-03,PROD-978,,3332,2024-06-18
WH-03,PROD-834,filter-f,1841,2024-10-17
WH-02,PROD-159,filter-f,3914,2024-07-03
WH-05,PROD-202,gadget-y,683,2024-02-21
WH-04,PROD-217,Valve  U,372,2024-01-16
WH-05,PROD-908,connector-m,1814,2024-06-06
WH-04,PROD-619,Valve U,2868,2024-01-18
WH-01,PROD-334,SENSOR ALPHA,3922,2024-06-24
WH-03,PROD-648,Bracket S,65,2024-10-20
WH-01,PROD-835,SENSOR BETA,1589,2024-01-22
WH-03,PROD-245,Gadget  Y,1310,2024-07-01
WH-05,PROD-741,Connector  N,3085,2024-05-15
WH-05,PROD-104,Bracket R,3964,2024-05-11
WH-02,PROD-168,HARNESS D,3172,2024-07-19
WH-05,PROD-208,relay-v,730,2024-07-29
WH-03,PROD-597,MODULE Q,372,2024-06-12
WH-01,PROD-588,WIDGET A,,2024-01-01
WH-01,PROD-561,relay-w,4526,2024-02-24
WH-05,PROD-708,CONNECTOR M,4410,2024-10-20
WH-03,PROD-728,FILTER F,,2024-05-28
WH-03,PROD-538,Connector  N,3919,2024-12-21
WH-01,PROD-133,SENSOR BETA,2046,2024-01-31
WH-03,PROD-985,Bracket  R,2984,2024-09-07
WH-04,PROD-926,Filter  F,521,2024-08-08
WH-03,PROD-115,Gadget Y,262,2024-10-19
WH-05,PROD-513,Relay  V,,2024-08-24
WH-05,PROD-801,valve-t,1501,2024-02-05
WH-05,PROD-789,BRACKET R,1240,2024-02-21
WH-01,PROD-879,Harness D,4683,2024-07-07
WH-01,PROD-887,Widget B,971,2024-09-20
WH-03,PROD-541,Harness  D,4076,2024-07-29
WH-05,PROD-353,filter-e,1290,2024-07-31
WH-02,PROD-167,Connector M,3453,2024-07-03
WH-02,PROD-532,Relay W,1009,2024-07-04
WH-04,PROD-442,valve-t,2688,2024-01-05
WH-01,PROD-502,Widget B,2359,2024-12-12
WH-03,PROD-806,Relay  V,4618,2024-12-11
WH-05,PROD-453,Gadget  X,1412,2024-05-22
WH-02,PROD-760,SENSOR BETA,1363,2024-09-07
WH-02,PROD-473,Bracket S,4356,2024-04-30
WH-03,PROD-395,Valve T,506,2024-04-30
WH-01,PROD-175,GADGET X,1757,2024-02-27
WH-04,PROD-683,filter-f,,2024-11-04
