product_id,product_name,price,currency,category,seller,last_updated
MP0001,Elegant Wooden Bowl,220.54,EUR,garden,beta,2024-03-09
MP0002,Artisan Iron Bookend,202.65,gbp,accessories,alpha,09/03/2024
MP0003,Classic Silk Cushion,165.37,USD,kitchen,alpha,01/03/2024
MP0004,Bespoke Resin Earrings,36.41,USD,home,beta,2024-03-05
MP0005,LUXURY COTTON SCARF,243.56,usd,decor,gamma,03/11/2024
MP0006,Premium Denim Apron,57.1,USD,kitchen,alpha,12/03/2024
MP0007,organic canvas tote,85.86,GBP,stationery,gamma,14/03/2024
MP0008,Modern  Marble Coaster,101.28,EUR,decor,alpha,11/03/2024
MP0009,BESPOKE CORK NOTEBOOK,,GBP,kitchen,alpha,02/03/2024
MP0010,Elegant Resin Earrings   ,,GBP,kitchen,alpha,02/03/2024
MP0011,Classic Resin Earrings,242.52,GBP,garden,alpha,07/03/2024
MP0012,Rustic Copper Kettle,77.89,eur,  fashion,beta,2024-03-07
MP0013,Artisan Stone Mortar,5.11,GBP,kitchen,alpha,07/03/2024
MP0014,orGaNIc WOOL bLANKEt,62.31,eur,accessories,beta,05/03/2024
MP0015,Luxury Silk Cushion,243.6,USD,jewellery,alpha,04/03/2024
MP0016,LUXURY BRASS CANDLEHOLDER,177.48,usd,garden,gamma,2024-03-05
MP0017,Natural Velvet Pouch   ,84.71,EUR,stationery,beta,2024-03-12
MP0018,Classic  Brass Candleholder,142.39,eur,stationery,gamma,03/07/2024
MP0019,  Vintage Silver Ring,94.37,USD,home,gamma,03/15/2024
MP0020,rustic wicker basket,197.27,usd,stationery,alpha,02/03/2024
MP0021,Organic Brass Candleholder,180.2,EUR,fashion,beta,2024-03-01
MP0022,Artisan Paper Lampshade,235.42,EUR,fashion,alpha,12/03/2024
MP0023,modern brass candleholder,227.14,GBP,home,alpha,08/03/2024
MP0024,Vintage Wooden Bowl,138.6,EUR,fashion,gamma,03/05/2024
MP0025,Modern Wool Blanket   ,171.03,EUR,,alpha,14/03/2024
MP0026,Classic Cork Notebook,57.97,EUR,garden,beta,11/03/2024
MP0027,Handmade Enamel Pin,231.48,usd,kitchen,alpha,01/03/2024
MP0028,HANDMADE LEATHER WALLET,40.54,USD,KITCHEN,beta,2024-03-11
MP0029,Artisan Stone Mortar,33.48,gbp,stationery,alpha,08/03/2024
MP0030,  Natural Copper Kettle,41.08,GBP,  kitchen,gamma,2024-03-03
MP0031,Organic Cork Notebook,155.0,gbp,decor,gamma,03/13/2024
MP0032,nATURal wickeR bAskET,202.31,gbp,  STATIONERY,alpha,03/03/2024
MP0033,Elegant Brass Candleholder,140.89,USD,kitchen,beta,2024-03-11
MP0034,Elegant Jute Rug   ,102.43,gbp,jewellery,alpha,04/03/2024
MP0035,Organic Silver Ring,128.56,EUR,fashion,gamma,03/11/2024
MP0036,Bespoke Enamel Pin,47.12,usd,STATIONERY,gamma,06/03/2024
MP0037,Bespoke Paper Lampshade,216.53,gbp,accessories,alpha,05/03/2024
MP0038,Handmade Iron Bookend,59.59,USD,fashion,beta,03/03/2024
MP0039,RUSTIC VELVET POUCH,196.78,GBP,decor,gamma,2024-03-06
MP0040,Classic Oak Cutting Board   ,20.96,USD,accessories,gamma,05/03/2024
MP0041,RUSTIC WOOL BLANKET,233.54,EUR,stationery,beta,2024-03-08
MP0042,handmade paper lampshade,65.64,GBP,kitchen,gamma,08/03/2024
MP0043,Artisan Stone Mortar   ,179.96,GBP,garden,beta,2024-03-01
MP0044,MOderN iRON boOkEND,,gbp,accessories,beta,06/03/2024
MP0045,  Natural Enamel Pin,60.59,USD,home,beta,14/03/2024
MP0046,Premium Stone Mortar,200.49,eur,  GARDEN,alpha,07/03/2024
MP0047,Rustic Iron Bookend,144.38,EUR,fashion,alpha,07/03/2024
MP0048,CLASSIC LEATHER WALLET,63.33,usd,  decor,gamma,03/07/2024
MP0049,modern wooden bowl,159.84,usd,kitchen,beta,
MP0050,classic copper kettle,133.67,EUR,stationery,alpha,02/03/2024
MP0051,Elegant Resin Earrings,85.84,GBP,jewellery,beta,04/03/2024
MP0052,PREmiUM CORk nOtebOOK,45.32,gbp,home,alpha,10/03/2024
MP0053,Elegant Enamel Pin,132.03,eur,accessories,alpha,15/03/2024
MP0054,MODERN TIN CANDLE,83.73,USD,jewellery,beta,2024-03-06
MP0055,HANDMADE BRASS CANDLEHOLDER,77.54,GBP,,gamma,10/03/2024
MP0056,classic cotton scarf,31.36,EUR,jewellery,gamma,2024-03-12
MP0057,Modern Ceramic Mug,109.27,EUR,decor,beta,09/03/2024
MP0058,ViNtaGe wOoden bowL,127.6,GBP,HOME,gamma,03/06/2024
MP0059,natural leather wallet,,EUR,garden,beta,05/03/2024
MP0060,Organic Brass Candleholder,198.47,usd,home,gamma,2024-03-05
MP0061,OrGaniC linen TaBLeCloTH,88.8,usd,decor,beta,2024-03-11
MP0062,Artisan Cork Notebook,193.09,EUR,kitchen,gamma,03/15/2024
MP0063,Vintage Paper Lampshade,186.13,GBP,accessories,alpha,11/03/2024
MP0064,Luxury Bamboo Tray,66.96,USD,garden,beta,2024-03-11
MP0065,Natural Paper Lampshade,234.12,USD,FASHION,gamma,2024-03-04
MP0066,  Bespoke Glass Vase,218.44,EUR,kitchen,gamma,03/13/2024
MP0067,Premium Canvas Tote,39.42,gbp,garden,gamma,03/13/2024
MP0068,Handmade Cotton Scarf,241.6,GBP,decor,gamma,03/07/2024
MP0069,Vintage Marble Coaster,216.15,EUR,fashion,alpha,10/03/2024
MP0070,lUXury copper kettLE,162.57,gbp,  decor,gamma,14/03/2024
MP0071,Handmade Silk Cushion,131.09,USD,JEWELLERY,alpha,01/03/2024
MP0072,Classic Wooden Bowl,219.11,gbp,garden,alpha,07/03/2024
MP0073,Luxury Oak Cutting Board,69.2,EUR,garden,alpha,15/03/2024
MP0074,classic clay planter,202.95,USD,home,alpha,03/03/2024
MP0075,RUSTIC LINEN TABLECLOTH,149.08,usd,stationery,gamma,03/12/2024
MP0076,Premium Velvet Pouch,47.43,GBP,STATIONERY,gamma,09/03/2024
MP0077,LUxURy cOttOn SCArf,40.95,GBP,stationery,beta,15/03/2024
MP0078,ELEGANT CLAY PLANTER,79.4,eur,kitchen,alpha,13/03/2024
MP0079,Modern Enamel Pin,63.4,usd,jewellery,gamma,07/03/2024
MP0080,Vintage  Wicker Basket,34.94,eur,kitchen,beta,13/03/2024
MP0081,Vintage Leather Wallet   ,154.1,USD,decor,gamma,03/08/2024
MP0082,Vintage Wooden Bowl,154.9,USD,stationery,gamma,2024-03-05
MP0083,Artisan Cotton Scarf,,gbp,,gamma,12/03/2024
MP0084,Luxury Silver Ring,50.77,GBP,  decor,gamma,01/03/2024
MP0085,Artisan Clay Planter,234.02,USD,kitchen,gamma,2024-03-03
MP0086,Rustic Clay Planter,43.51,EUR,stationery,alpha,14/03/2024
MP0087,Rustic Velvet Pouch,240.06,gbp,garden,gamma,2024-03-06
MP0088,Rustic Silver Ring,28.87,GBP,fashion,alpha,04/03/2024
MP0089,luxury wicker basket,169.24,USD,decor,gamma,03/10/2024
MP0090,LUXURY DENIM APRON,238.31,EUR,garden,beta,
MP0091,elegant canvas tote,164.58,eur,decor,beta,2024-03-10
MP0092,Vintage Copper Kettle,106.49,USD,decor,gamma,08/03/2024
MP0093,Organic Denim Apron,94.05,GBP,stationery,beta,2024-03-10
MP0094,Elegant Stone Mortar,238.25,usd,jewellery,beta,2024-03-11
MP0095,Natural Jute Rug,112.93,EUR,kitchen,gamma,05/03/2024
MP0096,Elegant Ceramic Mug,150.04,eur,garden,gamma,2024-03-14
MP0097,Natural Paper Lampshade,77.66,GBP,garden,gamma,2024-03-11
MP0098,Vintage Porcelain Plate   ,147.32,GBP,  fashion,gamma,
MP0099,Organic Cotton Scarf,246.69,USD,stationery,beta,07/03/2024
MP0100,Organic Wool Blanket,65.41,USD,  accessories,gamma,2024-03-10
MP0101,Premium Velvet Pouch,139.11,EUR,fashion,alpha,09/03/2024
MP0102,Modern Paper Lampshade,6.14,GBP,DECOR,beta,2024-03-13
MP0103,CLassIC ENameL PIN,43.01,GBP,home,beta,2024-03-06
MP0104,premium wool blanket,150.04,GBP,stationery,beta,2024-03-09
MP0105,handmade porcelain plate,195.2,EUR,jewellery,beta,2024-03-14
MP0106,Organic Cotton Scarf,84.95,gbp,  fashion,beta,2024-03-05
MP0107,Classic Copper Kettle,,usd,KITCHEN,alpha,09/03/2024
MP0108,Premium Oak Cutting Board,56.89,USD,HOME,alpha,11/03/2024
MP0109,Modern Brass Candleholder,161.1,EUR,garden,gamma,2024-03-11
MP0110,Bespoke Oak Cutting Board,45.23,eur,kitchen,gamma,14/03/2024
MP0111,classic wicker basket,19.44,usd,home,beta,2024-03-05
MP0112,Artisan Tin Candle,56.06,USD,fashion,gamma,03/14/2024
MP0113,  Classic Stone Mortar,202.03,EUR,decor,gamma,04/03/2024
MP0114,Artisan Cotton Scarf,,EUR,decor,gamma,2024-03-03
MP0115,Organic Paper Lampshade,19.87,USD,garden,beta,2024-03-14
MP0116,Vintage Marble Coaster,103.92,gbp,jewellery,gamma,01/03/2024
MP0117,Modern Linen Tablecloth   ,217.73,EUR,accessories,beta,15/03/2024
MP0118,pREMIuM BRASs CaNDlEHoLDeR,226.44,USD,fashion,gamma,2024-03-13
MP0119,Natural  Cork Notebook,94.57,USD,jewellery,beta,2024-03-11
MP0120,Luxury Cotton Scarf,15.68,USD,accessories,gamma,2024-03-09
MP0121,Organic Silk Cushion,49.32,EUR,accessories,gamma,09/03/2024
MP0122,Premium Paper Lampshade,,USD,stationery,alpha,12/03/2024
MP0123,Rustic Jute Rug,194.51,gbp,garden,beta,10/03/2024
MP0124,Luxury Stone Mortar,44.23,EUR,  garden,beta,2024-03-03
MP0125,Classic Wooden Bowl,165.28,USD,home,gamma,03/01/2024
MP0126,Handmade Cork Notebook,33.1,gbp,ACCESSORIES,gamma,03/03/2024
MP0127,classic copper kettle,181.71,GBP,home,gamma,13/03/2024
MP0128,Handmade Glass Vase   ,179.51,gbp,STATIONERY,gamma,03/13/2024
MP0129,mOderN wooDEN BoWl,85.58,GBP,stationery,alpha,06/03/2024
MP0130,Rustic Velvet Pouch,166.03,USD,decor,alpha,14/03/2024
MP0131,  Rustic Ceramic Mug,64.6,USD,accessories,alpha,14/03/2024
MP0132,Luxury Marble Coaster,,gbp,jewellery,beta,2024-03-07
MP0133,Artisan Velvet Pouch,3.3,EUR,DECOR,beta,2024-03-04
MP0134,Bespoke Wool Blanket,114.96,USD,decor,alpha,10/03/2024
MP0135,Luxury Tin Candle,165.84,GBP,kitchen,beta,2024-03-10
MP0136,Classic Cotton Scarf,,usd,garden,beta,2024-03-05
MP0137,Elegant Cotton Scarf,190.12,eur,home,gamma,03/09/2024
MP0138,Modern Marble Coaster,,USD,decor,beta,2024-03-13
MP0139,HANDMADE WICKER BASKET,228.55,usd,decor,beta,01/03/2024
MP0140,Organic Leather Wallet,19.75,USD,,gamma,2024-03-11
MP0141,VINTAGE CERAMIC MUG,173.46,eur,accessories,beta,13/03/2024
MP0142,  Luxury Wicker Basket,238.82,USD,kitchen,beta,2024-03-01
MP0143,Premium Jute Rug,103.5,USD,kitchen,beta,13/03/2024
MP0144,beSpoke velvEt poUCh,,GBP,KITCHEN,beta,2024-03-09
MP0145,handmade leather wallet,63.12,usd,HOME,gamma,08/03/2024
MP0146,organic wooden bowl,136.51,GBP,home,alpha,11/03/2024
MP0147,Premium Oak Cutting Board,178.36,eur,stationery,alpha,10/03/2024
MP0148,Handmade Marble Coaster   ,63.48,GBP,kitchen,beta,2024-03-14
MP0149,BESPOKE PORCELAIN PLATE,87.55,gbp,fashion,gamma,03/15/2024
MP0150,Modern Paper Lampshade,221.18,GBP,home,gamma,2024-03-11
MP0151,Vintage Enamel Pin,205.13,USD,home,beta,2024-03-06
MP0152,handmade glass vase,145.02,EUR,jewellery,alpha,03/03/2024
MP0153,Premium Cork Notebook,135.36,GBP,fashion,gamma,2024-03-11
MP0154,Handmade Canvas Tote,80.05,eur,home,gamma,03/09/2024
MP0155,Premium Wicker Basket,35.27,GBP,FASHION,gamma,03/12/2024
MP0156,Artisan Porcelain Plate,183.4,USD,decor,beta,09/03/2024
MP0157,elegant silver ring,144.8,USD,stationery,alpha,12/03/2024
MP0158,Luxury Iron Bookend,186.41,GBP,,alpha,13/03/2024
MP0159,Artisan Paper Lampshade   ,179.44,GBP,garden,alpha,01/03/2024
MP0160,vintage wool blanket,200.19,GBP,accessories,gamma,03/03/2024
MP0161,Luxury Resin Earrings,134.39,EUR,home,gamma,06/03/2024
MP0162,Elegant Bamboo Tray,66.73,gbp,HOME,gamma,09/03/2024
MP0163,Luxury Resin Earrings   ,113.08,EUR,accessories,gamma,2024-03-11
MP0164,Premium Glass Vase,,eur,HOME,alpha,05/03/2024
MP0165,Natural Wicker Basket   ,146.76,eur,stationery,alpha,02/03/2024
MP0166,Organic Denim Apron,227.83,USD,kitchen,gamma,2024-03-08
MP0167,RUSTIC GLASS VASE,88.62,EUR,garden,alpha,08/03/2024
MP0168,Premium Silver Ring,57.9,EUR,HOME,gamma,03/02/2024
MP0169,vintage clay planter,106.41,EUR,kitchen,beta,10/03/2024
MP0170,Handmade Leather Wallet,45.7,GBP,  fashion,alpha,03/03/2024
MP0171,Luxury Cork Notebook,52.52,USD,STATIONERY,alpha,
MP0172,Luxury  Bamboo Tray,83.3,eur,  fashion,beta,11/03/2024
MP0173,Bespoke Silk Cushion,241.7,EUR,  accessories,beta,2024-03-12
MP0174,modern jute rug,61.01,USD,STATIONERY,gamma,03/03/2024
MP0175,Modern Velvet Pouch,100.38,GBP,stationery,beta,2024-03-15
MP0176,Organic Wool Blanket,239.23,EUR,stationery,beta,2024-03-13
MP0177,Natural Leather Wallet,92.32,GBP,stationery,gamma,2024-03-05
MP0178,Artisan Oak Cutting Board,203.49,eur,home,gamma,2024-03-13
MP0179,Bespoke Bamboo Tray,152.34,usd,kitchen,alpha,01/03/2024
MP0180,vintage tin candle,168.63,EUR,decor,alpha,08/03/2024
MP0181,Classic Velvet Pouch,74.01,USD,kitchen,beta,2024-03-10
MP0182,Handmade Copper Kettle,204.69,GBP,KITCHEN,beta,05/03/2024
MP0183,ARTISAN JUTE RUG,177.93,GBP,fashion,beta,2024-03-01
MP0184,Bespoke Jute Rug,16.06,GBP,decor,alpha,02/03/2024
MP0185,handmade wooden bowl,71.18,GBP,decor,alpha,04/03/2024
MP0186,Modern Tin Candle,105.49,EUR,stationery,beta,2024-03-11
MP0187,Premium Cotton Scarf,73.37,EUR,jewellery,gamma,02/03/2024
MP0188,organic denim apron,119.72,USD,  garden,alpha,13/03/2024
MP0189,Rustic  Cotton Scarf,139.47,USD,accessories,alpha,03/03/2024
MP0190,Rustic Wool Blanket,194.4,USD,decor,alpha,08/03/2024
MP0191,Organic Paper Lampshade   ,6.69,USD,jewellery,gamma,01/03/2024
MP0192,Organic Linen Tablecloth,241.11,USD,  accessories,beta,2024-03-10
MP0193,Rustic Velvet Pouch,99.07,EUR,JEWELLERY,alpha,04/03/2024
MP0194,  Organic Wooden Bowl,184.74,GBP,fashion,alpha,08/03/2024
MP0195,Bespoke Canvas Tote,223.52,USD,fashion,gamma,2024-03-02
MP0196,PREMIUM CANVAS TOTE,8.83,eur,accessories,alpha,14/03/2024
MP0197,Vintage Porcelain Plate,93.09,USD,stationery,alpha,04/03/2024
MP0198,elegant wooden bowl,83.49,EUR,fashion,alpha,08/03/2024
MP0199,Vintage Oak Cutting Board,139.3,usd,accessories,beta,2024-03-15
MP0200,Natural Iron Bookend,87.32,eur,kitchen,alpha,13/03/2024
MP0201,Handmade Glass Vase   ,75.3,usd,,alpha,01/03/2024
MP0202,elegant marble coaster,97.92,eur,garden,alpha,08/03/2024
MP0203,ARTISAN CANVAS TOTE,48.87,EUR,fashion,gamma,14/03/2024
MP0204,  Natural Silver Ring,193.33,GBP,stationery,alpha,09/03/2024
MP0205,PREMIUM GLASS VASE,164.22,GBP,decor,gamma,03/04/2024
MP0206,Modern Bamboo Tray,91.46,USD,decor,gamma,2024-03-14
MP0207,Premium Canvas Tote,,GBP,decor,beta,13/03/2024
MP0208,natural tin candle,52.4,GBP,accessories,beta,2024-03-07
MP0209,Luxury Oak Cutting Board,17.27,EUR,garden,beta,2024-03-03
MP0210,elegant wool blanket,47.69,gbp,stationery,gamma,04/03/2024
MP0211,modern cotton scarf,21.53,EUR,jewellery,gamma,03/02/2024
MP0212,Organic Wicker Basket,94.87,eur,fashion,gamma,04/03/2024
MP0213,NaturAL cErAmIc MuG,,gbp,accessories,alpha,15/03/2024
MP0214,Artisan Silver Ring,116.33,eur,fashion,alpha,14/03/2024
MP0215,ARTISAN CLAY PLANTER,57.91,GBP,stationery,alpha,03/03/2024
MP0216,Classic Cotton Scarf,57.09,gbp,kitchen,beta,2024-03-03
MP0217,  Rustic Brass Candleholder,14.8,GBP,home,beta,2024-03-08
MP0218,  Elegant Enamel Pin,,EUR,fashion,beta,2024-03-01
MP0219,Handmade Bamboo Tray,248.45,GBP,home,gamma,03/12/2024
MP0220,haNdMAdE SilVer ring,164.04,usd,jewellery,gamma,03/15/2024
MP0221,bESPOke leAther wALLeT,197.8,eur,accessories,beta,2024-03-13
MP0222,natural wicker basket,16.94,USD,decor,alpha,08/03/2024
MP0223,HandmADE pOrcElaIn PLatE,38.04,GBP,stationery,alpha,01/03/2024
MP0224,Premium Oak Cutting Board,69.81,gbp,kitchen,gamma,03/04/2024
MP0225,luxury tin candle,146.73,EUR,fashion,gamma,2024-03-14
MP0226,Modern Wicker Basket,95.47,eur,kitchen,gamma,03/04/2024
MP0227,elegant paper lampshade,47.54,GBP,fashion,alpha,07/03/2024
MP0228,ARtiSan TIn cANDLE,136.75,usd,stationery,beta,13/03/2024
MP0229,Bespoke Stone Mortar,92.52,gbp,jewellery,gamma,07/03/2024
MP0230,VINtAge Clay plAnTer,,GBP,stationery,alpha,03/03/2024
MP0231,Handmade Stone Mortar,50.97,EUR,garden,alpha,12/03/2024
MP0232,Artisan Brass Candleholder,52.6,USD,kitchen,alpha,02/03/2024
MP0233,Rustic Ceramic Mug,38.46,EUR,home,alpha,15/03/2024
MP0234,rustic jute rug,72.5,USD,JEWELLERY,alpha,08/03/2024
MP0235,Bespoke Glass Vase,169.3,gbp,decor,gamma,03/15/2024
MP0236,Premium Glass Vase,179.71,GBP,jewellery,alpha,15/03/2024
MP0237,Rustic Canvas Tote,237.9,GBP,stationery,beta,10/03/2024
MP0238,RUSTIC PAPER LAMPSHADE,83.97,usd,accessories,alpha,14/03/2024
MP0239,LUXURY SILVER RING,44.67,USD,decor,beta,2024-03-02
MP0240,CLaSsic PaPeR lamPshADe,218.98,usd,garden,alpha,07/03/2024
MP0241,Handmade Stone Mortar,120.81,EUR,  fashion,beta,2024-03-14
MP0242,Elegant Canvas Tote   ,55.43,GBP,stationery,beta,2024-03-14
MP0243,Rustic Jute Rug,170.82,GBP,decor,alpha,06/03/2024
MP0244,Elegant Cork Notebook,,GBP,kitchen,alpha,10/03/2024
MP0245,Luxury Marble Coaster,,GBP,home,beta,2024-03-13
MP0246,Artisan Marble Coaster   ,,USD,decor,gamma,03/08/2024
MP0247,Vintage Clay Planter,48.21,USD,,gamma,11/03/2024
MP0248,Elegant Enamel Pin,84.29,USD,jewellery,alpha,07/03/2024
MP0249,Organic Denim Apron,155.63,USD,,beta,2024-03-13
MP0250,premium stone mortar,207.62,EUR,home,beta,2024-03-13
MP0251,Modern Ceramic Mug,53.87,GBP,accessories,gamma,03/15/2024
MP0252,Organic Tin Candle,210.31,EUR,kitchen,beta,12/03/2024
MP0253,Modern  Wooden Bowl,228.86,GBP,stationery,beta,2024-03-03
MP0254,Natural Clay Planter,167.22,EUR,decor,gamma,03/10/2024
MP0255,RUSTIC MARBLE COASTER,96.95,USD,accessories,beta,04/03/2024
MP0256,Premium Brass Candleholder,129.62,eur,decor,gamma,03/11/2024
MP0257,Modern Canvas Tote,4.38,GBP,fashion,beta,2024-03-15
MP0258,Handmade Cotton Scarf,213.18,USD,accessories,beta,13/03/2024
MP0259,Rustic Enamel Pin   ,113.23,GBP,DECOR,alpha,09/03/2024
MP0260,Rustic Glass Vase,151.36,GBP,kitchen,beta,2024-03-14
MP0261,Modern Glass Vase,165.96,usd,kitchen,beta,02/03/2024
MP0262,Vintage Cork Notebook,223.9,EUR,kitchen,alpha,01/03/2024
MP0263,VINTAGE MARBLE COASTER,190.08,USD,stationery,beta,05/03/2024
MP0264,Organic Enamel Pin   ,249.58,EUR,  HOME,gamma,03/05/2024
MP0265,Classic Linen Tablecloth,7.59,EUR,kitchen,alpha,01/03/2024
MP0266,Luxury Leather Wallet   ,96.05,EUR,home,alpha,07/03/2024
MP0267,ClASSIC copPER kETTle,234.95,GBP,stationery,alpha,04/03/2024
MP0268,Natural Canvas Tote,147.57,USD,jewellery,beta,2024-03-15
MP0269,Premium Silver Ring,98.58,USD,stationery,beta,2024-03-07
MP0270,rUSTIC SILveR RIng,153.9,usd,STATIONERY,beta,09/03/2024
MP0271,Natural Resin Earrings   ,,USD,decor,alpha,03/03/2024
MP0272,Handmade Enamel Pin,175.5,GBP,kitchen,alpha,13/03/2024
MP0273,Premium Cork Notebook,20.47,eur,ACCESSORIES,gamma,08/03/2024
MP0274,Handmade Stone Mortar,110.39,usd,stationery,gamma,12/03/2024
MP0275,BESPOKE GLASS VASE,48.11,usd,DECOR,beta,2024-03-07
MP0276,natural porcelain plate,,USD,home,beta,09/03/2024
MP0277,Bespoke  Ceramic Mug,103.9,EUR,stationery,alpha,13/03/2024
MP0278,Handmade Silk Cushion   ,235.03,EUR,fashion,alpha,02/03/2024
MP0279,VINTAGE CERAMIC MUG,124.08,gbp,KITCHEN,beta,01/03/2024
MP0280,Handmade Glass Vase,208.83,EUR,decor,beta,01/03/2024
MP0281,Premium Wool Blanket,73.79,GBP,  fashion,gamma,2024-03-09
MP0282,Handmade Denim Apron,105.14,EUR,accessories,gamma,03/09/2024
MP0283,Bespoke Silver Ring,149.49,EUR,fashion,beta,2024-03-01
MP0284,Classic Copper Kettle,22.53,EUR,jewellery,beta,2024-03-12
MP0285,VINTAGE PORCELAIN PLATE,,EUR,  HOME,alpha,15/03/2024
MP0286,Vintage Clay Planter   ,7.54,gbp,kitchen,alpha,11/03/2024
MP0287,LUXURY CORK NOTEBOOK,129.89,USD,stationery,gamma,12/03/2024
MP0288,Classic Silver Ring,86.47,GBP,fashion,alpha,14/03/2024
MP0289,Handmade Linen Tablecloth,118.7,eur,home,alpha,13/03/2024
MP0290,Natural Clay Planter,242.3,USD,home,gamma,2024-03-12
MP0291,pREMiuM JuTe rUg,248.57,USD,KITCHEN,beta,11/03/2024
MP0292,Premium Iron Bookend,239.77,GBP,kitchen,alpha,08/03/2024
MP0293,Natural Oak Cutting Board,145.42,GBP,garden,alpha,14/03/2024
MP0294,hAnDmaDE COpPer kEttLE,162.8,GBP,fashion,gamma,02/03/2024
MP0295,Organic Leather Wallet,61.6,GBP,  kitchen,beta,06/03/2024
MP0296,Natural Marble Coaster,,EUR,  kitchen,gamma,2024-03-12
MP0297,Modern Silk Cushion,66.67,eur,KITCHEN,gamma,10/03/2024
MP0298,VINTAGE CLAY PLANTER,141.58,USD,stationery,alpha,05/03/2024
MP0299,Rustic Silver Ring,150.49,usd,kitchen,alpha,06/03/2024
MP0300,Vintage Paper Lampshade,37.47,USD,  STATIONERY,beta,2024-03-14
MP0301,  Organic Linen Tablecloth,248.59,usd,JEWELLERY,alpha,11/03/2024
MP0302,Vintage Bamboo Tray,26.19,GBP,home,alpha,06/03/2024
MP0303,Classic  Silk Cushion,68.54,GBP,fashion,alpha,11/03/2024
MP0304,Handmade Oak Cutting Board,33.41,EUR,stationery,beta,2024-03-14
MP0305,VInTAgE cLAY PLanTEr,48.85,GBP,jewellery,alpha,14/03/2024
MP0306,BespOke gLAsS vaSE,178.15,gbp,  jewellery,alpha,11/03/2024
MP0307,Vintage Bamboo Tray,59.3,USD,fashion,beta,2024-03-08
MP0308,Handmade Paper Lampshade,84.86,usd,accessories,beta,2024-03-03
MP0309,Natural Denim Apron,20.15,USD,  decor,beta,13/03/2024
MP0310,Rustic Enamel Pin,40.19,USD,garden,alpha,02/03/2024
MP0311,Rustic Porcelain Plate,,GBP,GARDEN,alpha,04/03/2024
MP0312,  Elegant Paper Lampshade,158.65,EUR,home,beta,12/03/2024
MP0313,Rustic Iron Bookend,93.61,USD,stationery,gamma,
MP0314,Handmade Brass Candleholder,50.15,USD,jewellery,beta,2024-03-15
MP0315,Natural Marble Coaster   ,149.97,gbp,accessories,gamma,03/12/2024
MP0316,Luxury Wool Blanket,150.74,EUR,fashion,beta,2024-03-01
MP0317,Premium Wicker Basket,166.47,USD,stationery,alpha,03/03/2024
MP0318,vintage glass vase,180.49,USD,accessories,beta,
MP0319,lUXUry WOOdEN boWl,212.27,USD,kitchen,beta,2024-03-09
MP0320,Premium Wooden Bowl,15.22,EUR,decor,gamma,2024-03-06
MP0321,PREMIUM PORCELAIN PLATE,170.82,USD,stationery,gamma,03/13/2024
MP0322,Handmade Jute Rug,229.83,USD,decor,gamma,2024-03-01
MP0323,Handmade Cotton Scarf,91.01,usd,garden,beta,2024-03-06
MP0324,  Classic Iron Bookend,247.83,USD,fashion,alpha,01/03/2024
MP0325,elegant jute rug,171.77,usd,accessories,beta,02/03/2024
MP0326,Elegant Stone Mortar,233.44,GBP,kitchen,alpha,09/03/2024
MP0327,  Artisan Resin Earrings,119.08,GBP,accessories,beta,04/03/2024
MP0328,Artisan Canvas Tote,18.01,GBP,jewellery,gamma,09/03/2024
MP0329,Vintage Linen Tablecloth   ,145.86,GBP,accessories,beta,2024-03-14
MP0330,Premium Oak Cutting Board,140.14,EUR,decor,gamma,01/03/2024
MP0331,Rustic Tin Candle,76.89,USD,home,gamma,2024-03-04
MP0332,Bespoke Tin Candle,37.67,GBP,home,beta,2024-03-03
MP0333,Vintage Copper Kettle,151.31,USD,jewellery,alpha,08/03/2024
MP0334,Luxury Marble Coaster,119.38,USD,stationery,alpha,11/03/2024
MP0335,Bespoke Canvas Tote,52.76,USD,kitchen,gamma,03/09/2024
MP0336,natural bamboo tray,162.74,gbp,kitchen,gamma,2024-03-11
MP0337,Organic Marble Coaster,121.7,USD,DECOR,alpha,12/03/2024
MP0338,bespoke velvet pouch,25.79,USD,accessories,beta,13/03/2024
MP0339,Premium Bamboo Tray,149.65,GBP,stationery,beta,12/03/2024
MP0340,Natural Ceramic Mug,221.32,gbp,garden,alpha,12/03/2024
MP0341,Luxury Clay Planter,113.66,USD,fashion,gamma,03/06/2024
MP0342,CLASSic Oak cUtTINg boArD,215.73,GBP,garden,gamma,03/07/2024
MP0343,Natural Ceramic Mug,85.43,EUR,accessories,gamma,2024-03-09
MP0344,Organic Resin Earrings,,EUR,home,gamma,03/01/2024
MP0345,Organic Stone Mortar,98.74,gbp,decor,gamma,03/15/2024
MP0346,Handmade Brass Candleholder,13.93,EUR,jewellery,gamma,03/13/2024
MP0347,LUXURY MARBLE COASTER,123.25,gbp,accessories,gamma,03/15/2024
MP0348,Bespoke Jute Rug,111.67,GBP,jewellery,beta,2024-03-10
MP0349,PREMIUM WOOL BLANKET,93.81,USD,decor,alpha,05/03/2024
MP0350,Organic Brass Candleholder,198.94,GBP,decor,alpha,06/03/2024
MP0351,VINTAGE CORK NOTEBOOK,160.8,EUR,garden,alpha,04/03/2024
MP0352,Rustic Canvas Tote   ,104.77,EUR,FASHION,alpha,14/03/2024
MP0353,Handmade  Wooden Bowl,234.6,usd,garden,gamma,03/04/2024
MP0354,Luxury Silver Ring,176.72,USD,garden,gamma,03/13/2024
MP0355,Classic Clay Planter,177.19,eur,kitchen,alpha,05/03/2024
MP0356,Classic Enamel Pin,135.77,GBP,STATIONERY,alpha,05/03/2024
MP0357,organic cork notebook,186.52,usd,fashion,beta,2024-03-05
MP0358,  Modern Ceramic Mug,237.23,USD,accessories,gamma,09/03/2024
MP0359,Artisan Paper Lampshade,209.93,EUR,stationery,gamma,03/05/2024
MP0360,Handmade Cork Notebook,,USD,stationery,alpha,04/03/2024
MP0361,Bespoke Copper Kettle,188.03,GBP,kitchen,beta,2024-03-07
MP0362,Rustic Bamboo Tray,3.37,usd,stationery,alpha,03/03/2024
MP0363,Artisan Wool Blanket,137.42,EUR,decor,gamma,
MP0364,Modern  Jute Rug,20.83,USD,fashion,beta,05/03/2024
MP0365,  Vintage Marble Coaster,100.68,usd,stationery,beta,14/03/2024
MP0366,RUSTIC LINEN TABLECLOTH,147.39,usd,stationery,beta,2024-03-10
MP0367,premium paper lampshade,153.14,GBP,decor,gamma,06/03/2024
MP0368,Luxury Cork Notebook,208.44,eur,fashion,gamma,2024-03-07
MP0369,Handmade Silk Cushion,62.58,gbp,accessories,beta,2024-03-12
MP0370,  Artisan Glass Vase,,EUR,,alpha,03/03/2024
MP0371,Artisan Marble Coaster,110.56,EUR,DECOR,beta,09/03/2024
MP0372,  Artisan Wooden Bowl,146.83,usd,accessories,beta,2024-03-08
MP0373,Modern Paper Lampshade,138.55,EUR,home,gamma,2024-03-06
MP0374,Rustic Enamel Pin,209.95,USD,stationery,alpha,15/03/2024
MP0375,LUXURY LINEN TABLECLOTH,11.21,USD,DECOR,beta,2024-03-14
MP0376,  Handmade Velvet Pouch,208.24,USD,fashion,alpha,01/03/2024
MP0377,Classic Cork Notebook,37.99,EUR,stationery,gamma,09/03/2024
MP0378,Classic Brass Candleholder,148.02,USD,KITCHEN,gamma,01/03/2024
MP0379,Vintage Cotton Scarf,66.24,eur,decor,alpha,11/03/2024
MP0380,Artisan Silver Ring   ,150.63,usd,stationery,alpha,05/03/2024
MP0381,Modern Bamboo Tray,45.8,USD,stationery,gamma,03/01/2024
MP0382,Modern Enamel Pin,157.4,gbp,fashion,gamma,06/03/2024
MP0383,Vintage Oak Cutting Board,249.33,GBP,jewellery,alpha,05/03/2024
MP0384,Artisan Jute Rug,17.96,GBP,stationery,beta,04/03/2024
MP0385,Modern Tin Candle,69.89,GBP,stationery,beta,2024-03-04
MP0386,Bespoke Tin Candle,222.39,gbp,kitchen,gamma,03/13/2024
MP0387,classic iron bookend,161.32,GBP,decor,alpha,06/03/2024
MP0388,Elegant  Cork Notebook,168.18,GBP,stationery,gamma,03/03/2024
MP0389,Elegant Paper Lampshade,105.57,usd,decor,alpha,07/03/2024
MP0390,HANDMADE BRASS CANDLEHOLDER,,EUR,kitchen,alpha,13/03/2024
MP0391,Rustic Resin Earrings,139.81,GBP,kitchen,alpha,02/03/2024
MP0392,Natural Tin Candle   ,194.0,GBP,kitchen,alpha,12/03/2024
MP0393,Premium Copper Kettle,53.66,gbp,accessories,gamma,03/14/2024
MP0394,Natural Wool Blanket,167.24,EUR,kitchen,beta,12/03/2024
MP0395,Bespoke Ceramic Mug,222.58,gbp,decor,alpha,02/03/2024
MP0396,Handmade Cotton Scarf,180.45,eur,home,alpha,04/03/2024
MP0397,Modern Velvet Pouch,239.38,eur,accessories,gamma,03/13/2024
MP0398,Rustic Iron Bookend,12.31,eur,  accessories,beta,2024-03-10
MP0399,  Handmade Jute Rug,225.04,USD,home,beta,2024-03-14
MP0400,Luxury Wooden Bowl,151.75,gbp,fashion,alpha,05/03/2024
MP0401,orGANiC lEathER wALlET,204.78,USD,fashion,alpha,03/03/2024
MP0402,vintage cotton scarf,134.8,eur,jewellery,gamma,03/02/2024
MP0403,Elegant Copper Kettle,75.76,GBP,decor,alpha,01/03/2024
MP0404,Rustic Cotton Scarf,249.69,USD,decor,beta,15/03/2024
MP0405,Classic Leather Wallet,166.87,USD,STATIONERY,beta,06/03/2024
MP0406,PREMIUM WOODEN BOWL,159.35,eur,garden,gamma,2024-03-08
MP0407,Classic Bamboo Tray,72.73,gbp,HOME,gamma,03/12/2024
MP0408,Rustic Linen Tablecloth,195.24,eur,kitchen,gamma,12/03/2024
MP0409,Classic Porcelain Plate,66.97,GBP,  GARDEN,beta,2024-03-14
MP0410,Rustic Canvas Tote,240.37,USD,,beta,2024-03-13
MP0411,Rustic Bamboo Tray,17.57,eur,accessories,alpha,08/03/2024
MP0412,bespoke silver ring,38.28,USD,kitchen,alpha,09/03/2024
MP0413,Natural Stone Mortar,10.89,eur,ACCESSORIES,beta,2024-03-08
MP0414,Luxury Cotton Scarf,88.72,GBP,jewellery,beta,15/03/2024
MP0415,Handmade Paper Lampshade,74.45,usd,  garden,beta,09/03/2024
MP0416,handmade silk cushion,74.06,usd,decor,alpha,13/03/2024
MP0417,Premium Iron Bookend,200.57,eur,kitchen,gamma,03/09/2024
MP0418,Classic Iron Bookend,141.13,GBP,decor,alpha,11/03/2024
MP0419,Luxury Marble Coaster   ,229.67,gbp,  stationery,beta,09/03/2024
MP0420,Natural Silk Cushion,8.15,eur,kitchen,beta,2024-03-10
MP0421,Organic Canvas Tote,137.18,GBP,  STATIONERY,beta,2024-03-07
MP0422,Handmade Wooden Bowl,38.54,GBP,accessories,gamma,02/03/2024
MP0423,Bespoke Ceramic Mug,51.03,GBP,kitchen,beta,05/03/2024
MP0424,Classic Paper Lampshade,5.26,eur,kitchen,beta,03/03/2024
MP0425,modern denim apron,30.32,usd,jewellery,gamma,02/03/2024
MP0426,Natural Ceramic Mug,209.02,GBP,home,beta,01/03/2024
MP0427,Classic Velvet Pouch,,gbp,,alpha,09/03/2024
MP0428,Natural Bamboo Tray,226.49,EUR,garden,alpha,10/03/2024
MP0429,eLEGanT tIN CandlE,234.59,usd,  home,alpha,11/03/2024
MP0430,ClassIC wicKER BaSkeT,203.54,USD,DECOR,beta,2024-03-12
MP0431,Rustic Enamel Pin,117.97,USD,,beta,12/03/2024
MP0432,Natural Silk Cushion,90.13,EUR,accessories,beta,2024-03-07
MP0433,Bespoke Tin Candle,33.88,USD,accessories,beta,09/03/2024
MP0434,Organic Glass Vase   ,169.77,GBP,garden,beta,2024-03-01
MP0435,artisan glass vase,171.94,EUR,jewellery,alpha,07/03/2024
MP0436,Rustic Brass Candleholder,23.7,eur,kitchen,alpha,01/03/2024
MP0437,Artisan Stone Mortar,142.46,USD,decor,alpha,05/03/2024
MP0438,RUStiC wicKER bASket,175.98,GBP,fashion,alpha,14/03/2024
MP0439,Premium Oak Cutting Board,57.49,gbp,garden,beta,2024-03-06
MP0440,Elegant Marble Coaster,148.4,USD,kitchen,beta,2024-03-12
MP0441,Classic Ceramic Mug,145.91,GBP,jewellery,alpha,03/03/2024
MP0442,Modern Bamboo Tray,47.29,gbp,jewellery,gamma,13/03/2024
MP0443,organic stone mortar,110.96,usd,home,beta,2024-03-15
MP0444,Luxury Velvet Pouch,4.54,usd,garden,alpha,06/03/2024
MP0445,HanDMADE LINEN tAbLeclotH,244.94,USD,stationery,alpha,15/03/2024
MP0446,Luxury Velvet Pouch,127.33,eur,kitchen,gamma,04/03/2024
MP0447,NATURAL PORCELAIN PLATE,,USD,stationery,alpha,12/03/2024
MP0448,Natural Silk Cushion,219.55,USD,home,beta,2024-03-05
MP0449,Premium Wicker Basket,217.19,gbp,JEWELLERY,alpha,02/03/2024
MP0450,Elegant Denim Apron,177.99,GBP,home,gamma,2024-03-10
MP0451,Vintage Leather Wallet   ,70.17,EUR,jewellery,beta,2024-03-02
MP0452,Vintage Wool Blanket,,eur,garden,alpha,01/03/2024
MP0453,Classic Porcelain Plate   ,30.17,EUR,FASHION,gamma,01/03/2024
MP0454,Natural Canvas Tote,162.52,gbp,garden,alpha,06/03/2024
MP0455,rustic cotton scarf,144.11,GBP,garden,gamma,03/04/2024
MP0456,Luxury Oak Cutting Board,85.21,USD,decor,gamma,09/03/2024
MP0457,Elegant Copper Kettle   ,238.11,gbp,kitchen,gamma,03/03/2024
MP0458,Handmade Wooden Bowl,136.24,eur,,alpha,01/03/2024
MP0459,classic linen tablecloth,206.96,USD,garden,gamma,2024-03-13
MP0460,LUXURY DENIM APRON,82.02,USD,jewellery,alpha,01/03/2024
MP0461,Elegant Stone Mortar,33.89,GBP,garden,gamma,14/03/2024
MP0462,luxury tin candle,220.07,USD,fashion,gamma,2024-03-08
MP0463,Handmade  Ceramic Mug,23.49,EUR,home,beta,03/03/2024
MP0464,Handmade Copper Kettle,122.41,EUR,GARDEN,gamma,2024-03-15
MP0465,Vintage Porcelain Plate,153.65,usd,stationery,beta,2024-03-01
MP0466,Artisan Silk Cushion,6.97,usd,kitchen,beta,2024-03-03
MP0467,ModerN wicKeR BAsKeT,13.83,GBP,  kitchen,alpha,03/03/2024
MP0468,Modern Oak Cutting Board,216.29,gbp,decor,gamma,2024-03-04
MP0469,Natural Porcelain Plate,25.55,eur,stationery,gamma,2024-03-15
MP0470,artisan paper lampshade,219.52,EUR,garden,beta,2024-03-07
MP0471,Classic Wool Blanket,149.28,USD,garden,alpha,13/03/2024
MP0472,Elegant Porcelain Plate,24.33,GBP,home,gamma,2024-03-13
MP0473,rUSTic eNAMEl PIN,150.01,gbp,accessories,gamma,03/01/2024
MP0474,Organic Canvas Tote,237.24,usd,FASHION,gamma,13/03/2024
MP0475,premiUm dENim APRON,192.97,GBP,jewellery,alpha,01/03/2024
MP0476,LUXURY BRASS CANDLEHOLDER,154.38,EUR,decor,beta,03/03/2024
MP0477,Bespoke Bamboo Tray,120.17,GBP,jewellery,alpha,07/03/2024
MP0478,Modern Iron Bookend,224.79,USD,,gamma,03/09/2024
MP0479,Rustic Tin Candle,42.88,GBP,kitchen,beta,2024-03-07
MP0480,Luxury  Linen Tablecloth,101.08,GBP,jewellery,gamma,
MP0481,Premium Stone Mortar,202.68,USD,accessories,beta,2024-03-08
MP0482,RUSTIC SILK CUSHION,210.14,USD,jewellery,beta,2024-03-01
MP0483,Modern Cotton Scarf,195.83,usd,garden,alpha,14/03/2024
MP0484,classic paper lampshade,134.62,EUR,accessories,beta,
MP0485,Natural Silver Ring   ,,USD,garden,beta,
MP0486,oRgAnIC sTOnE MoRtar,141.52,GBP,  kitchen,beta,11/03/2024
MP0487,Rustic Enamel Pin,,EUR,jewellery,gamma,11/03/2024
MP0488,Luxury Wooden Bowl,191.37,eur,stationery,beta,2024-03-15
MP0489,Rustic Clay Planter,197.88,usd,fashion,beta,2024-03-06
MP0490,Elegant Velvet Pouch,90.42,USD,decor,gamma,03/04/2024
MP0491,Classic Enamel Pin,108.95,USD,stationery,beta,14/03/2024
MP0492,Modern Iron Bookend,119.34,USD,fashion,gamma,03/07/2024
MP0493,Premium Silk Cushion   ,243.92,GBP,  jewellery,alpha,13/03/2024
MP0494,Luxury Leather Wallet,134.41,GBP,garden,alpha,08/03/2024
MP0495,ARTISAN STONE MORTAR,118.46,gbp,garden,gamma,06/03/2024
MP0496,Bespoke Ceramic Mug   ,231.57,EUR,stationery,beta,2024-03-02
MP0497,PREMIUM OAK CUTTING BOARD,48.69,USD,accessories,alpha,03/03/2024
MP0498,Bespoke Brass Candleholder,188.4,usd,DECOR,alpha,02/03/2024
MP0499,  Organic Porcelain Plate,221.58,eur,kitchen,beta,15/03/2024
MP0500,cLasSiC IRON bOOkeNd,115.08,GBP,stationery,alpha,07/03/2024
MP0501,Handmade Ceramic Mug,69.82,GBP,home,alpha,2024-03-05
MP0502,Handmade Ceramic Mug,69.82,GBP,home,alpha,2024-03-05
MP0503,Vintage Leather Wallet,69.98,GBP,home,alpha,2024-03-05
MP0504,Vintage Leather Wallet,69.98,GBP,home,alpha,2024-03-05
MP0505,Premium Glass Vase,58.41,GBP,home,alpha,2024-03-05
MP0506,Premium Glass Vase,58.41,GBP,home,alpha,2024-03-05
MP0507,Artisan Wooden Bowl,68.98,GBP,home,alpha,2024-03-05
MP0508,Artisan Wooden Bowl,68.98,GBP,home,alpha,2024-03-05
MP0509,Elegant Silver Ring,39.35,GBP,home,alpha,2024-03-05
MP0510,Elegant Silver Ring,39.35,GBP,home,alpha,2024-03-05
MP0511,Rustic Oak Cutting Board,42.51,GBP,home,alpha,2024-03-05
MP0512,Rustic Oak Cutting Board,42.51,GBP,home,alpha,2024-03-05
MP0513,Modern Brass Candleholder,61.92,GBP,home,alpha,2024-03-05
MP0514,Modern Brass Candleholder,61.92,GBP,home,alpha,2024-03-05
MP0515,Natural Wool Blanket,71.52,GBP,home,alpha,2024-03-05
MP0516,Natural Wool Blanket,71.52,GBP,home,alpha,2024-03-05
